{
  "method": "c3d",
  "epochs": [
    1,
    2,
    3,
    4,
    5,
    6,
    7,
    8,
    9,
    10,
    11,
    12,
    13,
    14,
    15,
    16,
    17,
    18,
    19,
    20,
    21,
    22,
    23,
    24,
    25,
    26,
    27,
    28,
    29,
    30,
    31,
    32,
    33,
    34,
    35,
    36,
    37,
    38,
    39,
    40,
    41,
    42,
    43,
    44,
    45,
    46,
    47,
    48,
    49,
    50,
    51,
    52,
    53,
    54,
    55,
    56,
    57,
    58,
    59,
    60,
    61,
    62,
    63,
    64,
    65,
    66,
    67,
    68,
    69,
    70,
    71,
    72,
    73,
    74,
    75,
    76,
    77,
    78,
    79,
    80,
    81,
    82,
    83,
    84,
    85,
    86,
    87,
    88,
    89,
    90,
    91,
    92,
    93,
    94,
    95,
    96,
    97,
    98,
    99,
    100
  ],
  "losses": [
    1.1996819337209066,
    0.9405110756556193,
    0.8939901510874431,
    0.8617216507593791,
    0.8150074561436971,
    0.7822943607966105,
    0.7703851143519084,
    0.7222516059875488,
    0.760381015141805,
    0.7016690572102865,
    0.7500078837076823,
    0.6622658530871074,
    0.6973118225733439,
    0.632905379931132,
    0.6331966360410054,
    0.5708197752634684,
    0.6378496805826823,
    0.6074228008588155,
    0.5633097887039185,
    0.4822956164677938,
    0.46368619203567507,
    0.5244215488433838,
    0.5002121051152547,
    0.4523419618606567,
    0.40434738198916115,
    0.44236665964126587,
    0.3645407736301422,
    0.31565659244855243,
    0.3417494217554728,
    0.3331806778907776,
    0.25743216574192046,
    0.3843045194943746,
    0.27552904685338336,
    0.252597576379776,
    0.24716918369134266,
    0.29377637604872386,
    0.34725971817970275,
    0.22834252913792927,
    0.23359192411104837,
    0.22300281623999277,
    0.23819088339805602,
    0.1742660457889239,
    0.20051660935084026,
    0.21698564440011978,
    0.16370603640874226,
    0.15333942870299022,
    0.15544407417376835,
    0.19800423085689545,
    0.1463229532043139,
    0.1936973790327708,
    0.1436653306086858,
    0.09194000363349915,
    0.12694563232362271,
    0.10171232596039773,
    0.10707091068228086,
    0.1625169927875201,
    0.08705453475316366,
    0.13106224536895753,
    0.09178687979777654,
    0.11042774319648743,
    0.1270741619169712,
    0.06977672229210535,
    0.09668702098230521,
    0.07218995268146197,
    0.1271277075012525,
    0.09461272731423379,
    0.08797711084286372,
    0.10423846791187923,
    0.0680330956975619,
    0.1423471490542094,
    0.06806460296114286,
    0.09984304718673229,
    0.1003911333779494,
    0.08719637927909692,
    0.0493988667614758,
    0.13683858662843704,
    0.10544332961241404,
    0.2804553094009558,
    0.13230822108065088,
    0.06524881397684415,
    0.06678425626208385,
    0.06171256750822067,
    0.06320156455039978,
    0.05546434006343285,
    0.02072645096729199,
    0.04721821102624138,
    0.030568205937743186,
    0.07224536289771398,
    0.05501309968531132,
    0.1137168511748314,
    0.04965154379606247,
    0.07110468459626039,
    0.12111135895053546,
    0.060514757658044496,
    0.0247003186494112,
    0.027333451776454847,
    0.013053824752569198,
    0.029483999498188494,
    0.032411489899580675,
    0.021694636406997838
  ]
}