{
  "method": "cnn_lstm",
  "epochs": [
    1,
    2,
    3,
    4,
    5,
    6,
    7,
    8,
    9,
    10,
    11,
    12,
    13,
    14,
    15,
    16,
    17,
    18,
    19,
    20,
    21,
    22,
    23,
    24,
    25,
    26,
    27,
    28,
    29,
    30,
    31,
    32,
    33,
    34,
    35,
    36,
    37,
    38,
    39,
    40,
    41,
    42,
    43,
    44,
    45,
    46,
    47,
    48,
    49,
    50,
    51,
    52,
    53,
    54,
    55,
    56,
    57,
    58,
    59,
    60,
    61,
    62,
    63,
    64,
    65,
    66,
    67,
    68,
    69,
    70,
    71,
    72,
    73,
    74,
    75,
    76,
    77,
    78,
    79,
    80,
    81,
    82,
    83,
    84,
    85,
    86,
    87,
    88,
    89,
    90,
    91,
    92,
    93,
    94,
    95,
    96,
    97,
    98,
    99,
    100
  ],
  "losses": [
    0.9519807656606039,
    0.9018985986709595,
    0.8741866747538248,
    0.8251803239186605,
    0.783291761080424,
    0.7224563678105672,
    0.6577218373616537,
    0.6144604921340943,
    0.5571754535039266,
    0.5614982883135478,
    0.49065911769866943,
    0.5262065251668294,
    0.5000555793444316,
    0.47689054409662884,
    0.4730576356252035,
    0.4298500696818034,
    0.3889180401961009,
    0.3764110763867696,
    0.35722751418749493,
    0.3864752729733785,
    0.4133281906445821,
    0.49071017106374104,
    0.3957970221837362,
    0.4716140349706014,
    0.4048465430736542,
    0.38454270164171855,
    0.38742729028066,
    0.33672054012616476,
    0.2640484491984049,
    0.2700190722942352,
    0.2960234026114146,
    0.3189304570357005,
    0.42013991276423135,
    0.3444375475247701,
    0.32293088833491007,
    0.2796936253706614,
    0.2959366083145142,
    0.23574113448460896,
    0.25946956674257915,
    0.25627987186113993,
    0.20741719802220662,
    0.22050744891166688,
    0.2197551190853119,
    0.21740523278713225,
    0.26959798733393353,
    0.2097063442071279,
    0.19401145478089651,
    0.1545880302786827,
    0.18053751786549885,
    0.23028691013654073,
    0.23586450914541882,
    0.18085823357105255,
    0.17049846549828848,
    0.18081262111663818,
    0.19270053009192148,
    0.18099806706110635,
    0.150418954094251,
    0.1753475939234098,
    0.134048955142498,
    0.1513882488012314,
    0.15463042755921683,
    0.21783688366413118,
    0.13600192864735922,
    0.15623214840888977,
    0.12524301608403524,
    0.1633825277288755,
    0.15930116400122643,
    0.20845024486382802,
    0.37729679892460505,
    0.2092679997285207,
    0.20051351586977642,
    0.21809968948364258,
    0.18517255187034606,
    0.19515678882598878,
    0.15088511407375335,
    0.13400352547566097,
    0.15855673849582672,
    0.12719040860732397,
    0.1456454161554575,
    0.11810041964054108,
    0.22091350158055623,
    0.1800678829352061,
    0.09235128437479337,
    0.1572109593699376,
    0.13713181316852568,
    0.0793536809583505,
    0.13299734766284624,
    0.13604110578695933,
    0.15706454813480378,
    0.12972490017612776,
    0.20299152135849,
    0.10759733815987906,
    0.09863215163350106,
    0.20370713646213215,
    0.15372094611326853,
    0.13846953411897023,
    0.09386393676201503,
    0.11106925656398138,
    0.11213520069917043,
    0.10958109547694524
  ]
}