{
  "method": "mediapipe_lstm",
  "epochs": [
    1,
    2,
    3,
    4,
    5,
    6,
    7,
    8,
    9,
    10,
    11,
    12,
    13,
    14,
    15,
    16,
    17,
    18,
    19,
    20,
    21,
    22,
    23,
    24,
    25,
    26,
    27,
    28,
    29,
    30,
    31,
    32,
    33,
    34,
    35,
    36,
    37,
    38,
    39,
    40,
    41,
    42,
    43,
    44,
    45,
    46,
    47,
    48,
    49,
    50,
    51,
    52,
    53,
    54,
    55,
    56,
    57,
    58,
    59,
    60,
    61,
    62,
    63,
    64,
    65,
    66,
    67,
    68,
    69,
    70,
    71,
    72,
    73,
    74,
    75,
    76,
    77,
    78,
    79,
    80,
    81,
    82,
    83,
    84,
    85,
    86,
    87,
    88,
    89,
    90,
    91,
    92,
    93,
    94,
    95,
    96,
    97,
    98,
    99,
    100
  ],
  "losses": [
    0.9228775501251221,
    0.9104098320007324,
    0.9052624384562175,
    0.9032017548878988,
    0.9010546604792277,
    0.8965808232625325,
    0.8924291610717774,
    0.886943006515503,
    0.8825480858484904,
    0.875049368540446,
    0.8636500358581543,
    0.8596478939056397,
    0.8516855239868164,
    0.8394431511561076,
    0.8305611530939738,
    0.8243751843770345,
    0.8128121693929037,
    0.8055238008499146,
    0.7836208264033,
    0.7698867162068684,
    0.7841509342193603,
    0.7653034210205079,
    0.7539891004562378,
    0.7317006587982178,
    0.7150250514348347,
    0.7163904428482055,
    0.7014439344406128,
    0.6873388608296712,
    0.682320793469747,
    0.6678106228510539,
    0.6828372955322266,
    0.6806249936421712,
    0.6414136012395223,
    0.6326864242553711,
    0.6396446148554484,
    0.6158262332280476,
    0.598206639289856,
    0.5890144030253093,
    0.5862344026565551,
    0.582611600557963,
    0.5687194705009461,
    0.573484460512797,
    0.5420301596323649,
    0.5389885266621908,
    0.5432355841000874,
    0.524946129322052,
    0.5322563687960307,
    0.5143869598706563,
    0.49800314505894977,
    0.5021596034367879,
    0.4809816002845764,
    0.4885903875033061,
    0.4655567328135172,
    0.4849106311798096,
    0.48895038763682047,
    0.47999664147694904,
    0.47479679187138873,
    0.45165536801020306,
    0.425276513894399,
    0.4258311589558919,
    0.41711778243382774,
    0.4300049901008606,
    0.4055276870727539,
    0.394748854637146,
    0.3949355403582255,
    0.3882018486658732,
    0.3863956054051717,
    0.37085612217585245,
    0.35952564477920534,
    0.3668241500854492,
    0.37677544752756753,
    0.3540196458498637,
    0.35378671884536744,
    0.3464454531669617,
    0.34246400197347004,
    0.34092776775360106,
    0.33900221983591716,
    0.3351878444353739,
    0.3302232782046,
    0.3100204348564148,
    0.3132002274195353,
    0.3115267117818197,
    0.29236900806427,
    0.2922890504201253,
    0.29458815256754556,
    0.2802988688151042,
    0.28307260473569235,
    0.2637589991092682,
    0.25644018650054934,
    0.2804668108622233,
    0.29285924235979716,
    0.2976777613162994,
    0.27266119917233783,
    0.2632186929384867,
    0.2501418352127075,
    0.22909735242525736,
    0.23637088934580486,
    0.222776993115743,
    0.2255543828010559,
    0.2271110951900482
  ]
}