{
  "method": "mediapipe_transformer",
  "epochs": [
    1,
    2,
    3,
    4,
    5,
    6,
    7,
    8,
    9,
    10,
    11,
    12,
    13,
    14,
    15,
    16,
    17,
    18,
    19,
    20,
    21,
    22,
    23,
    24,
    25,
    26,
    27,
    28,
    29,
    30,
    31,
    32,
    33,
    34,
    35,
    36,
    37,
    38,
    39,
    40,
    41,
    42,
    43,
    44,
    45,
    46,
    47,
    48,
    49,
    50,
    51,
    52,
    53,
    54,
    55,
    56,
    57,
    58,
    59,
    60,
    61,
    62,
    63,
    64,
    65,
    66,
    67,
    68,
    69,
    70,
    71,
    72,
    73,
    74,
    75,
    76,
    77,
    78,
    79,
    80,
    81,
    82,
    83,
    84,
    85,
    86,
    87,
    88,
    89,
    90,
    91,
    92,
    93,
    94,
    95,
    96,
    97,
    98,
    99,
    100
  ],
  "losses": [
    0.9703500827153524,
    0.927161717414856,
    0.9208160082499186,
    0.9170237859090169,
    0.9157322804133098,
    0.9130053838094075,
    0.9128043413162231,
    0.9087402582168579,
    0.9057809511820475,
    0.9026796261469523,
    0.8997793436050415,
    0.9027988036473592,
    0.893949810663859,
    0.8908461888631185,
    0.8901947180430094,
    0.8846038738886516,
    0.8892592906951904,
    0.8866445541381835,
    0.8782746235529582,
    0.8792228539784749,
    0.8741764863332112,
    0.8672849019368489,
    0.86374937693278,
    0.8622389316558838,
    0.8533730427424113,
    0.8494178771972656,
    0.8415666023890177,
    0.8353573322296143,
    0.8179281314214071,
    0.8215011517206828,
    0.8041724761327108,
    0.7981417258580525,
    0.7746019045511882,
    0.7608133792877197,
    0.7445475578308105,
    0.7243666489919026,
    0.7067181905110677,
    0.6860048294067382,
    0.6711477915445964,
    0.6497161547342937,
    0.6500383933385213,
    0.6304152886072795,
    0.611447278658549,
    0.6098241130510966,
    0.5887201468149821,
    0.5800062537193298,
    0.5710474292437235,
    0.5453711946805319,
    0.5474696079889934,
    0.5311841050783793,
    0.5249752998352051,
    0.5087068756421407,
    0.5041535178820292,
    0.4977007985115051,
    0.4886455734570821,
    0.4657252311706543,
    0.4625965118408203,
    0.45024489164352416,
    0.43734391530354816,
    0.4409855604171753,
    0.4145673116048177,
    0.4195307493209839,
    0.3971062064170837,
    0.4004737377166748,
    0.379836893081665,
    0.3781803091367086,
    0.3554156800111135,
    0.366524883111318,
    0.3474730928738912,
    0.3307411352793376,
    0.35093761086463926,
    0.3275542219479879,
    0.3311180869738261,
    0.30515175461769106,
    0.2977197329203288,
    0.31304145852724713,
    0.2834686319033305,
    0.29141174952189125,
    0.2817550778388977,
    0.2801952620347341,
    0.2689433336257935,
    0.2664859712123871,
    0.24119332134723664,
    0.24733112255732217,
    0.251744012037913,
    0.2375305195649465,
    0.2374029298623403,
    0.24334778785705566,
    0.20589554111162822,
    0.20383339921633403,
    0.23087873657544453,
    0.20428906281789144,
    0.19762493371963502,
    0.20845730503400167,
    0.1969946304957072,
    0.19102251629034678,
    0.17557968000570934,
    0.16664153536160786,
    0.192786572376887,
    0.17208872636159261
  ]
}