{
  "method": "mhi_fusion",
  "epochs": [
    1,
    2,
    3,
    4,
    5,
    6,
    7,
    8,
    9,
    10,
    11,
    12,
    13,
    14,
    15,
    16,
    17,
    18,
    19,
    20,
    21,
    22,
    23,
    24,
    25,
    26,
    27,
    28,
    29,
    30,
    31,
    32,
    33,
    34,
    35,
    36,
    37,
    38,
    39,
    40,
    41,
    42,
    43,
    44,
    45,
    46,
    47,
    48,
    49,
    50,
    51,
    52,
    53,
    54,
    55,
    56,
    57,
    58,
    59,
    60,
    61,
    62,
    63,
    64,
    65,
    66,
    67,
    68,
    69,
    70,
    71,
    72,
    73,
    74,
    75,
    76,
    77,
    78,
    79,
    80,
    81,
    82,
    83,
    84,
    85,
    86,
    87,
    88,
    89,
    90,
    91,
    92,
    93,
    94,
    95,
    96,
    97,
    98,
    99,
    100
  ],
  "losses": [
    1.1666310946146647,
    0.9658155918121338,
    0.878844157854716,
    0.9066623449325562,
    0.830718978246053,
    0.7706530332565308,
    0.7885105053583781,
    0.7485203425089518,
    0.6894334395726521,
    0.6952287872632344,
    0.6657607356707255,
    0.6340189139048259,
    0.6162312030792236,
    0.5742878437042236,
    0.5745299776395162,
    0.6715327501296997,
    0.5892882267634074,
    0.5495301683743795,
    0.5121918678283691,
    0.5080047170321147,
    0.512344221274058,
    0.5194753209749857,
    0.499718165397644,
    0.5476299921671549,
    0.5011335968971252,
    0.5063131809234619,
    0.48648883899052936,
    0.47073000272115073,
    0.48192689816157025,
    0.488013501962026,
    0.44150699774424235,
    0.4322283625602722,
    0.3636104345321655,
    0.498892597357432,
    0.41531153122584025,
    0.3948899428049723,
    0.38443355162938436,
    0.3338773270448049,
    0.37552856604258217,
    0.412594477335612,
    0.39960466225941976,
    0.3547534664471944,
    0.4416990478833516,
    0.4369648456573486,
    0.3625952462355296,
    0.39576455950737,
    0.32514412999153136,
    0.36077704230944313,
    0.3193992157777151,
    0.3308343271414439,
    0.3112866540749868,
    0.3233520984649658,
    0.31253897547721865,
    0.3366529067357381,
    0.28018011649449664,
    0.3600351850191752,
    0.2813389579455058,
    0.32807364662488303,
    0.30518358846505483,
    0.3242539167404175,
    0.2770567019780477,
    0.28688793977101645,
    0.3223110318183899,
    0.2851919114589691,
    0.3219810177882512,
    0.29593831300735474,
    0.2816297610600789,
    0.30448602239290873,
    0.2937430908282598,
    0.2542901873588562,
    0.3040227552254995,
    0.2239532232284546,
    0.2085520585378011,
    0.2576054890950521,
    0.29365221063296,
    0.22028466860453289,
    0.22865121563275656,
    0.23923635284105937,
    0.2382635494073232,
    0.19096186359723408,
    0.25781355500221254,
    0.20722075005372365,
    0.22002502282460532,
    0.2387697786092758,
    0.20581507782141367,
    0.18169147769610086,
    0.1590709239244461,
    0.16848266621430716,
    0.1542515714963277,
    0.18790782789389293,
    0.2005931297938029,
    0.19501975178718567,
    0.15581666330496471,
    0.1828206757704417,
    0.17552481045325596,
    0.20971113542715708,
    0.13229486246903738,
    0.22435196836789448,
    0.15973548392454784,
    0.17331390231847763
  ]
}