{
  "method": "mediapipe_transformer",
  "num_words": 30,
  "train_accuracy": 0.9666666666666667,
  "test_accuracy": 0.13333333333333333
}