{
  "method": "mhi_fusion",
  "num_words": 30,
  "train_accuracy": 0.9666666666666667,
  "test_accuracy": 0.03333333333333333,
  "epochs": 100
}